{"Address":{"0":"3666 21st St","1":"735 Dolores St","2":"332 Hill St","3":"3995 23rd St","4":"1056 Sanchez St","5":"551 Alvarado St"},"City":{"0":"San Francisco","1":"San Francisco","2":"San Francisco","3":"San Francisco","4":"San Francisco","5":"San Francisco"},"Country":{"0":"USA","1":"USA","2":"USA","3":"USA","4":"USA","5":"USA"},"Employees":{"0":8,"1":15,"2":25,"3":10,"4":12,"5":20},"ID":{"0":1,"1":2,"2":3,"3":4,"4":5,"5":6},"Name":{"0":"Madeira","1":"Bready Shop","2":"Super River","3":"Ben's Shop","4":"Sanchez","5":"Richvalley"},"State":{"0":"CA 94114","1":"CA 94119","2":"California 94114","3":"CA 94114","4":"California","5":"CA 94114"}}